{
  "Name": "Random_Scale_Free_100",
  "CurrentIteration": 1003,
  "CurrentIterationWithoutImprovement": 1000,
  "DateTime": {
    "TimeElapsed": {
      "Ticks": 23643701,
      "Days": 0,
      "Hours": 0,
      "Milliseconds": 364,
      "Minutes": 0,
      "Seconds": 2,
      "TotalDays": 2.7365394675925926E-05,
      "TotalHours": 0.0006567694722222222,
      "TotalMilliseconds": 2364.3701,
      "TotalMinutes": 0.03940616833333333,
      "TotalSeconds": 2.3643701
    }
  },
  "Parameters": {
    "Parameters": {
      "RandomSeed": 884384137,
      "MaximumIterations": 10000,
      "MaximumIterationsWithoutImprovement": 1000,
      "MaximumPathLength": 50,
      "PopulationSize": 80,
      "RandomGenesPerChromosome": 5,
      "PercentageRandom": 0.25,
      "PercentageElite": 0.25,
      "ProbabilityMutation": 0.01,
      "CrossoverType": 1,
      "MutationType": 1
    },
    "CrossoverAlgorithm": "Standard",
    "MutationAlgorithm": "Standard"
  },
  "Solutions": {
    "NumberOfSolutions": 1,
    "Solutions": [
      {
        "Fitness": 80,
        "MaximumControlPathLength": 3,
        "NumberOfUniqueControlNodes": 2,
        "NumberOfUniquePreferredControlNodes": 0,
        "NumberOfTargetNodesControlledByPreferredControlNodes": 0,
        "UniqueControlNodes": [
          "13",
          "3"
        ],
        "UniquePreferredControlNodes": [],
        "Genes": {
          "6": "13",
          "15": "13",
          "2": "3",
          "13": "13",
          "3": "3"
        }
      }
    ]
  },
  "HistoricAverageFitness": [
    23.5,
    28,
    31.75,
    39.25,
    45,
    54.25,
    59.75,
    61.25,
    61.5,
    61.75,
    62.5,
    61.5,
    61.5,
    63,
    62.5,
    62.75,
    63.5,
    64,
    62.75,
    63.5,
    64,
    63.5,
    62.25,
    63.5,
    63.5,
    63.5,
    63.25,
    63.5,
    64.5,
    64.25,
    60.75,
    63.25,
    62,
    62.25,
    64,
    62.25,
    62.25,
    63,
    63.5,
    65,
    64.25,
    63.75,
    63,
    63,
    63.5,
    63.25,
    64,
    62.5,
    62.75,
    64.5,
    64.75,
    65.25,
    63.25,
    63.5,
    63,
    63.25,
    60.75,
    62.25,
    63.75,
    64,
    62.5,
    63.75,
    63,
    62.5,
    61.25,
    63,
    63,
    62.5,
    65,
    63,
    63.5,
    63.25,
    64.5,
    62.75,
    64.5,
    64,
    64.75,
    64,
    64.5,
    62.75,
    63.75,
    61.75,
    63.5,
    63.5,
    63,
    62.25,
    63.5,
    62.75,
    63.5,
    63,
    64.25,
    64.5,
    65,
    63.25,
    63.75,
    63.75,
    63.5,
    62.5,
    62.5,
    64.5,
    63.25,
    61.75,
    63.75,
    62.75,
    63.75,
    65.25,
    64.25,
    63,
    62.5,
    62.75,
    65,
    63.25,
    63.25,
    64.25,
    62.75,
    62,
    63.25,
    63.5,
    62.25,
    63,
    62.5,
    61.5,
    62.25,
    62.75,
    62.25,
    61.5,
    61.25,
    63,
    63.75,
    64.5,
    63.25,
    63.75,
    63.75,
    64,
    63.5,
    64.25,
    65.25,
    64,
    63.5,
    64.25,
    64,
    63.5,
    62.75,
    61.25,
    63.75,
    64.25,
    63.75,
    63.5,
    63,
    60.25,
    62,
    62.25,
    63.25,
    63.5,
    65.25,
    63.75,
    62,
    64.5,
    64,
    63.5,
    64.25,
    63.75,
    63,
    63.75,
    63.75,
    64,
    62.25,
    61.75,
    62.5,
    63,
    63.75,
    64.75,
    64.25,
    64.25,
    62.5,
    64.5,
    64.25,
    63.5,
    61.75,
    62.25,
    64.5,
    64,
    63.25,
    63,
    61.5,
    62.5,
    62.5,
    61.75,
    63.25,
    64,
    63,
    61.5,
    61.75,
    63.25,
    63,
    63.25,
    63.25,
    64.5,
    62.25,
    62,
    64.5,
    64,
    64.5,
    63.5,
    62.75,
    62.5,
    62.5,
    62.75,
    60.25,
    62,
    62.75,
    63.25,
    64,
    62,
    59,
    64,
    63,
    62.5,
    62,
    62.75,
    62.75,
    63.75,
    64.25,
    62.5,
    62.75,
    62.5,
    63,
    63.25,
    64,
    63.5,
    64.5,
    62.25,
    64.25,
    62.75,
    62.25,
    65,
    61.25,
    63,
    63,
    63.5,
    63.25,
    63,
    62.5,
    63.75,
    63.25,
    64.25,
    62.75,
    63.5,
    64.25,
    63.75,
    64.25,
    63.5,
    63.25,
    61.5,
    61,
    62.75,
    61.75,
    62.5,
    63.5,
    64.25,
    63.75,
    63.25,
    63.75,
    64.25,
    62.75,
    63,
    62.75,
    64.25,
    62.5,
    63.75,
    63.75,
    64,
    63.25,
    63.5,
    62.75,
    63.75,
    63.5,
    61.75,
    65,
    62.5,
    62.75,
    63.5,
    60.5,
    65,
    64.5,
    64.25,
    63.25,
    63.5,
    64.25,
    62.5,
    63.25,
    64.75,
    64.25,
    64,
    61.75,
    63.75,
    62.25,
    64.25,
    62.25,
    63.75,
    63.5,
    64.25,
    64.5,
    63.25,
    62.25,
    61.5,
    62.75,
    63.25,
    63.5,
    62,
    61.75,
    63,
    63.5,
    63.75,
    64,
    64.5,
    63.5,
    64.25,
    63,
    63.25,
    63.5,
    61.5,
    63,
    62.5,
    63,
    62.25,
    63.5,
    62.5,
    64,
    63,
    63.5,
    64,
    60.5,
    61.25,
    62,
    63,
    61.25,
    63.5,
    63.25,
    63.25,
    63.25,
    63.25,
    62.75,
    63.75,
    63,
    62.5,
    63,
    62.75,
    61.75,
    61,
    62.75,
    62.75,
    63.75,
    64,
    63.25,
    62.75,
    63.5,
    63,
    64.25,
    62.75,
    62.5,
    62.25,
    62.75,
    63.25,
    62.5,
    63,
    63.25,
    65,
    64,
    63,
    65,
    64,
    64.25,
    62.75,
    62.25,
    62.5,
    63.25,
    63,
    63.75,
    64.25,
    62.5,
    63.25,
    62.75,
    65.5,
    63.75,
    63.25,
    62.75,
    61.25,
    62,
    62.25,
    61.75,
    62,
    62.25,
    62.25,
    62.75,
    61.25,
    62.75,
    63.25,
    63.5,
    61.75,
    62.25,
    62,
    62.25,
    62.75,
    62.75,
    62.75,
    62.75,
    63.25,
    62.5,
    63.5,
    63.75,
    63.25,
    61.75,
    62.25,
    62.5,
    62.75,
    62.75,
    62.25,
    64.25,
    62.5,
    64,
    64,
    63,
    63.25,
    63.75,
    63.5,
    62.5,
    62.75,
    63.75,
    63.5,
    62.5,
    64.25,
    64.75,
    62.5,
    63.5,
    62.25,
    62,
    63.5,
    65.5,
    63.25,
    64,
    63,
    62.5,
    63.25,
    63,
    64.25,
    62.75,
    61.75,
    62.5,
    63,
    63,
    64,
    65,
    63.75,
    60.5,
    63.75,
    62.5,
    63,
    62.75,
    63,
    62.5,
    62.75,
    61,
    64.5,
    63.25,
    64.25,
    64,
    62.25,
    64.25,
    64.5,
    64,
    64.5,
    64.25,
    62.25,
    63.25,
    62.5,
    64.25,
    63,
    63.75,
    61.75,
    62.5,
    61.25,
    62.5,
    64,
    64.25,
    61.25,
    62.75,
    62.5,
    62.25,
    64.25,
    62.25,
    64,
    63.25,
    64.5,
    63,
    63.75,
    62.5,
    64.25,
    64.5,
    64.75,
    64.25,
    63.75,
    63,
    63.5,
    61,
    61.5,
    62.5,
    63.25,
    60.75,
    64.25,
    61.75,
    62.25,
    64.25,
    62.25,
    63.75,
    63.75,
    63.5,
    62.25,
    63,
    63,
    62.75,
    63.75,
    64.25,
    64,
    65.5,
    64.25,
    64,
    63,
    64.25,
    62.25,
    63.5,
    63,
    64,
    63,
    62.5,
    63.75,
    63.5,
    63.25,
    64,
    63.5,
    63,
    63,
    62.5,
    63.25,
    63.75,
    62,
    62,
    61,
    64.5,
    62.75,
    62.5,
    62.5,
    62.75,
    63,
    64,
    62,
    62.5,
    64,
    62.75,
    62.5,
    63.25,
    62.25,
    62.5,
    62.5,
    62.75,
    63.25,
    63.25,
    63.5,
    62.25,
    62.25,
    63.75,
    61.75,
    63,
    63.25,
    61.75,
    64.5,
    64.5,
    63.75,
    62.5,
    62.25,
    65.25,
    63,
    63.75,
    63.25,
    62.5,
    61.75,
    61,
    61.25,
    64.5,
    64.5,
    64,
    63,
    63,
    62,
    63.75,
    63,
    62,
    62.25,
    62,
    65,
    65.25,
    63,
    62.5,
    62.75,
    63.5,
    63.25,
    63.5,
    61.75,
    63.75,
    62.75,
    62.75,
    61.5,
    64,
    63.75,
    61.75,
    62.25,
    63.5,
    63.75,
    64.25,
    63.25,
    63,
    61.5,
    61.75,
    62.75,
    64,
    64.5,
    62.75,
    62.5,
    63,
    61.75,
    62.75,
    63.5,
    63.25,
    62,
    63,
    62.75,
    65.25,
    63.75,
    63.75,
    64.75,
    64.5,
